# This Source Code Form is subject to the terms of the Mozilla Public
# License, v. 2.0. If a copy of the MPL was not distributed with this
# file, You can obtain one at http://mozilla.org/MPL/2.0/.

# extension:
extensions.calendar-timezones@mozilla.org.name=Timezone Definitions for Mozilla Calendar
extensions.calendar-timezones@mozilla.org.description=Sunbird と Lightning 用のタイムゾーンデータ
extensions.calendar-timezones@mozilla.org.creator=Mozilla Calendar Project

pref.timezone.floating=現地時間/タイムゾーンなし (Local Time/floating)
pref.timezone.UTC=協定世界時 (UTC)

# I've derived this list out of timezones.dtd
# - replaced '_' with ' ' on value side
# - corrected 'St xyz' to 'St. xyz'

# timezone names:
pref.timezone.Africa.Abidjan=アフリカ/アビジャン (Africa/Abidjan)
pref.timezone.Africa.Accra=アフリカ/アクラ (Africa/Accra)
pref.timezone.Africa.Addis_Ababa=アフリカ/アジスアベバ (Africa/Addis Ababa)
pref.timezone.Africa.Algiers=アフリカ/アルジェ (Africa/Algiers)
pref.timezone.Africa.Asmara=アフリカ/アスメラ (Africa/Asmara)
pref.timezone.Africa.Bamako=アフリカ/バマコ (Africa/Bamako)
pref.timezone.Africa.Bangui=アフリカ/バンギ (Africa/Bangui)
pref.timezone.Africa.Banjul=アフリカ/バンジュール (Africa/Banjul)
pref.timezone.Africa.Bissau=アフリカ/ビサウ (Africa/Bissau)
pref.timezone.Africa.Blantyre=アフリカ/ブランタイヤ (Africa/Blantyre)
pref.timezone.Africa.Brazzaville=アフリカ/ブラチスラバ (Africa/Brazzaville)
pref.timezone.Africa.Bujumbura=アフリカ/ブジュンブラ (Africa/Bujumbura)
pref.timezone.Africa.Cairo=アフリカ/カイロ (Africa/Cairo)
pref.timezone.Africa.Casablanca=アフリカ/カサブランカ (Africa/Casablanca)
pref.timezone.Africa.Ceuta=アフリカ/セウタ (Africa/Ceuta)
pref.timezone.Africa.Conakry=アフリカ/コナクリ (Africa/Conakry)
pref.timezone.Africa.Dakar=アフリカ/ダカール (Africa/Dakar)
pref.timezone.Africa.Dar_es_Salaam=アフリカ/ダルエスサラーム (Africa/Dar es Salaam)
pref.timezone.Africa.Djibouti=アフリカ/ジブチ (Africa/Djibouti)
pref.timezone.Africa.Douala=アフリカ/ドゥアラ (Africa/Douala)
pref.timezone.Africa.El_Aaiun=アフリカ/エルアーイウン (Africa/El Aaiun)
pref.timezone.Africa.Freetown=アフリカ/フリータウン (Africa/Freetown)
pref.timezone.Africa.Gaborone=アフリカ/ガボローネ (Africa/Gaborone)
pref.timezone.Africa.Harare=アフリカ/ハラレ (Africa/Harare)
pref.timezone.Africa.Johannesburg=アフリカ/ヨハネスブルグ (Africa/Johannesburg)
pref.timezone.Africa.Kampala=アフリカ/カンパラ (Africa/Kampala)
pref.timezone.Africa.Khartoum=アフリカ/ハルツーム (Africa/Khartoum)
pref.timezone.Africa.Kigali=アフリカ/キガリ (Africa/Kigali)
pref.timezone.Africa.Kinshasa=アフリカ/キンシャサ (Africa/Kinshasa)
pref.timezone.Africa.Lagos=アフリカ/ラゴス (Africa/Lagos)
pref.timezone.Africa.Libreville=アフリカ/リーブルビル (Africa/Libreville)
pref.timezone.Africa.Lome=アフリカ/ロメ (Africa/Lome)
pref.timezone.Africa.Luanda=アフリカ/ルアンダ (Africa/Luanda)
pref.timezone.Africa.Lubumbashi=アフリカ/ルブンバシ (Africa/Lubumbashi)
pref.timezone.Africa.Lusaka=アフリカ/ルサカ (Africa/Lusaka)
pref.timezone.Africa.Malabo=アフリカ/マラボ (Africa/Malabo)
pref.timezone.Africa.Maputo=アフリカ/マプート (Africa/Maputo)
pref.timezone.Africa.Maseru=アフリカ/マセル (Africa/Maseru)
pref.timezone.Africa.Mbabane=アフリカ/ムババーネ (Africa/Mbabane)
pref.timezone.Africa.Mogadishu=アフリカ/モガディシュ (Africa/Mogadishu)
pref.timezone.Africa.Monrovia=アフリカ/モンロビア (Africa/Monrovia)
pref.timezone.Africa.Nairobi=アフリカ/ナイロビ (Africa/Nairobi)
pref.timezone.Africa.Ndjamena=アフリカ/ンジャメナ (Africa/Ndjamena)
pref.timezone.Africa.Niamey=アフリカ/ニアメ (Africa/Niamey)
pref.timezone.Africa.Nouakchott=アフリカ/ヌアクショット (Africa/Nouakchott)
pref.timezone.Africa.Ouagadougou=アフリカ/ワガドゥグ (Africa/Ouagadougou)
pref.timezone.Africa.Porto-Novo=アフリカ/ポルトノボ (Africa/Porto-Novo)
pref.timezone.Africa.Sao_Tome=アフリカ/サントメ (Africa/Sao Tome)
pref.timezone.Africa.Tripoli=アフリカ/トリポリ (Africa/Tripoli)
pref.timezone.Africa.Tunis=アフリカ/チュニス (Africa/Tunis)
pref.timezone.Africa.Windhoek=アフリカ/ウィンドフック (Africa/Windhoek)
pref.timezone.America.Adak=アメリカ/アダック (America/Adak)
pref.timezone.America.Anchorage=アメリカ/アンカレッジ (America/Anchorage)
pref.timezone.America.Anguilla=アメリカ/アンギラ (America/Anguilla)
pref.timezone.America.Antigua=アメリカ/アンティグア (America/Antigua)
pref.timezone.America.Araguaina=アメリカ/アラグアイナ (America/Araguaina)
pref.timezone.America.Argentina.Buenos_Aires=アメリカ/アルゼンチン/ブエノスアイレス (America/Argentina/Buenos Aires)
pref.timezone.America.Argentina.Catamarca=アメリカ/アルゼンチン/カタマルカ (America/Argentina/Catamarca)
pref.timezone.America.Argentina.Cordoba=アメリカ/アルゼンチン/コルドバ (America/Argentina/Cordoba)
pref.timezone.America.Argentina.Jujuy=アメリカ/アルゼンチン/フフイ (America/Argentina/Jujuy)
pref.timezone.America.Argentina.La_Rioja=アメリカ/アルゼンチン/ラリオハ (America/Argentina/La Rioja)
pref.timezone.America.Argentina.Mendoza=アメリカ/アルゼンチン/メンドーサ (America/Argentina/Mendoza)
pref.timezone.America.Argentina.Rio_Gallegos=アメリカ/アルゼンチン/リオガジェゴス (America/Argentina/Rio Gallegos)
pref.timezone.America.Argentina.San_Juan=アメリカ/アルゼンチン/サンファン (America/Argentina/San Juan)
pref.timezone.America.Argentina.Tucuman=アメリカ/アルゼンチン/トゥクマン (America/Argentina/Tucuman)
pref.timezone.America.Argentina.Ushuaia=アメリカ/アルゼンチン/ウスアイア (America/Argentina/Ushuaia)
pref.timezone.America.Aruba=アメリカ/アルバ (America/Aruba)
pref.timezone.America.Asuncion=アメリカ/アスンシオン (America/Asuncion)
pref.timezone.America.Atikokan=アメリカ/アティコカン (America/Atikokan)
pref.timezone.America.Bahia=アメリカ/バイア (America/Bahia)
pref.timezone.America.Barbados=アメリカ/バルバドス (America/Barbados)
pref.timezone.America.Belem=アメリカ/ベレン (America/Belem)
pref.timezone.America.Belize=アメリカ/べリーズ (America/Belize)
pref.timezone.America.Blanc-Sablon=アメリカ/ブランザブロン (America/Blanc-Sablon)
pref.timezone.America.Boa_Vista=アメリカ/ボアビスタ (America/Boa Vista)
pref.timezone.America.Bogota=アメリカ/ボゴダ (America/Bogota)
pref.timezone.America.Boise=アメリカ/ボイジー (America/Boise)
pref.timezone.America.Cambridge_Bay=アメリカ/ケンブリッジベイ (America/Cambridge Bay)
pref.timezone.America.Campo_Grande=アメリカ/カンポグランデ (America/Campo Grande)
pref.timezone.America.Cancun=アメリカ/カンクン (America/Cancun)
pref.timezone.America.Caracas=アメリカ/カラカス (America/Caracas)
pref.timezone.America.Cayenne=アメリカ/カイエンヌ (America/Cayenne)
pref.timezone.America.Cayman=アメリカ/ケイマン (America/Cayman)
pref.timezone.America.Chicago=アメリカ/シカゴ (America/Chicago)
pref.timezone.America.Chihuahua=アメリカ/チワワ (America/Chihuahua)
pref.timezone.America.Costa_Rica=アメリカ/コスタリカ (America/Costa Rica)
pref.timezone.America.Cuiaba=アメリカ/クイアバ (America/Cuiaba)
pref.timezone.America.Curacao=アメリカ/キュラソー (America/Curacao)
pref.timezone.America.Danmarkshavn=アメリカ/ダンマークシャウン (America/Danmarkshavn)
pref.timezone.America.Dawson=アメリカ/ドーソン (America/Dawson)
pref.timezone.America.Dawson_Creek=アメリカ/ドーソンクリーク (America/Dawson Creek)
pref.timezone.America.Denver=アメリカ/デンバー (America/Denver)
pref.timezone.America.Detroit=アメリカ/デトロイト (America/Detroit)
pref.timezone.America.Dominica=アメリカ/ドミニカ (America/Dominica)
pref.timezone.America.Edmonton=アメリカ/エドモントン (America/Edmonton)
pref.timezone.America.Eirunepe=アメリカ/エイルネペ (America/Eirunepe)
pref.timezone.America.El_Salvador=アメリカ/エルサルバドル (America/El Salvador)
pref.timezone.America.Fortaleza=アメリカ/フォルタレザ (America/Fortaleza)
pref.timezone.America.Glace_Bay=アメリカ/グレースベイ (America/Glace Bay)
pref.timezone.America.Godthab=アメリカ/ゴートホープ (America/Godthab)
pref.timezone.America.Goose_Bay=アメリカ/グースベイ (America/Goose Bay)
pref.timezone.America.Grand_Turk=アメリカ/グランターク (America/Grand Turk)
pref.timezone.America.Grenada=アメリカ/グレナダ (America/Grenada)
pref.timezone.America.Guadeloupe=アメリカ/グアドループ (America/Guadeloupe)
pref.timezone.America.Guatemala=アメリカ/グアテマラ (America/Guatemala)
pref.timezone.America.Guayaquil=アメリカ/グアヤキル (America/Guayaquil)
pref.timezone.America.Guyana=アメリカ/ガイアナ (America/Guyana)
pref.timezone.America.Halifax=アメリカ/ハリファックス (America/Halifax)
pref.timezone.America.Havana=アメリカ/ハバナ (America/Havana)
pref.timezone.America.Hermosillo=アメリカ/ヘルモシジョ (America/Hermosillo)
pref.timezone.America.Indiana.Indianapolis=アメリカ/インディアナ/インディアナポリス (America/Indiana/Indianapolis)
pref.timezone.America.Indiana.Knox=アメリカ/インディアナ/ノックス (America/Indiana/Knox)
pref.timezone.America.Indiana.Marengo=アメリカ/インディアナ/マレンゴ (America/Indiana/Marengo)
pref.timezone.America.Indiana.Petersburg=アメリカ/インディアナ/ピーターズバーグ (America/Indiana/Petersburg)
pref.timezone.America.Indiana.Vevay=アメリカ/インディアナ/ビベー (America/Indiana/Vevay)
pref.timezone.America.Indiana.Vincennes=アメリカ/インディアナ/ヴァンセンヌ (America/Indiana/Vincennes)
pref.timezone.America.Inuvik=アメリカ/イヌビク (America/Inuvik)
pref.timezone.America.Iqaluit=アメリカ/イクルート (America/Iqaluit)
pref.timezone.America.Jamaica=アメリカ/ジャマイカ (America/Jamaica)
pref.timezone.America.Juneau=アメリカ/ジュノー (America/Juneau)
pref.timezone.America.Kentucky.Louisville=アメリカ/ケンタッキー/ルイビル (America/Kentucky/Louisville)
pref.timezone.America.Kentucky.Monticello=アメリカ/ケンタッキー/モンティセロ (America/Kentucky/Monticello)
pref.timezone.America.La_Paz=アメリカ/ラパス (America/La Paz)
pref.timezone.America.Lima=アメリカ/リマ (America/Lima)
pref.timezone.America.Los_Angeles=アメリカ/ロサンゼルス (America/Los Angeles)
pref.timezone.America.Maceio=アメリカ/マセイオ (America/Maceio)
pref.timezone.America.Managua=アメリカ/マナグア (America/Managua)
pref.timezone.America.Manaus=アメリカ/マナウス (America/Manaus)
pref.timezone.America.Martinique=アメリカ/マルチニーク (America/Martinique)
pref.timezone.America.Mazatlan=アメリカ/マサトラン (America/Mazatlan)
pref.timezone.America.Menominee=アメリカ/メノミニー (America/Menominee)
pref.timezone.America.Merida=アメリカ/メリダ (America/Merida)
pref.timezone.America.Mexico_City=アメリカ/メキシコシティ (America/Mexico City)
pref.timezone.America.Miquelon=アメリカ/ミクロン (America/Miquelon)
pref.timezone.America.Moncton=アメリカ/モンクトン (America/Moncton)
pref.timezone.America.Monterrey=アメリカ/モンテレイ (America/Monterrey)
pref.timezone.America.Montevideo=アメリカ/モンテビデオ (America/Montevideo)
pref.timezone.America.Montreal=アメリカ/モントリオール (America/Montreal)
pref.timezone.America.Montserrat=アメリカ/モンセラット (America/Montserrat)
pref.timezone.America.Nassau=アメリカ/ナッソー (America/Nassau)
pref.timezone.America.New_York=アメリカ/ニューヨーク (America/New York)
pref.timezone.America.Nipigon=アメリカ/ニピゴン (America/Nipigon)
pref.timezone.America.Nome=アメリカ/ノーム (America/Nome)
pref.timezone.America.Noronha=アメリカ/ノローニャ (America/Noronha)
pref.timezone.America.North_Dakota.Center=アメリカ/ノースダコタ/センター (America/North Dakota/Center)
pref.timezone.America.North_Dakota.New_Salem=アメリカ/ノースダコタ/ニューセイラム (America/North Dakota/New Salem)
pref.timezone.America.Panama=アメリカ/パナマ (America/Panama)
pref.timezone.America.Pangnirtung=アメリカ/パングネグトング (America/Pangnirtung)
pref.timezone.America.Paramaribo=アメリカ/パラマリボ (America/Paramaribo)
pref.timezone.America.Phoenix=アメリカ/フェニックス (America/Phoenix)
pref.timezone.America.Port-au-Prince=アメリカ/ポルトープランス (America/Port-au-Prince)
pref.timezone.America.Port_of_Spain=アメリカ/ポートオブスペイン (America/Port of Spain)
pref.timezone.America.Porto_Velho=アメリカ/ポルトベリョ (America/Porto Velho)
pref.timezone.America.Puerto_Rico=アメリカ/プエルトリコ (America/Puerto Rico)
pref.timezone.America.Rainy_River=アメリカ/レイニーリバー (America/Rainy River)
pref.timezone.America.Rankin_Inlet=アメリカ/ランキン湾 (America/Rankin Inlet)
pref.timezone.America.Recife=アメリカ/レシフェ (America/Recife)
pref.timezone.America.Regina=アメリカ/レジーナ (America/Regina)
pref.timezone.America.Rio_Branco=アメリカ/リオブランコ (America/Rio Branco)
pref.timezone.America.Santiago=アメリカ/サンティアゴ (America/Santiago)
pref.timezone.America.Santo_Domingo=アメリカ/サントドミンゴ (America/Santo Domingo)
pref.timezone.America.Sao_Paulo=アメリカ/サンパウロ (America/Sao Paulo)
pref.timezone.America.Scoresbysund=アメリカ/スコアバイサンド (America/Scoresbysund)
pref.timezone.America.Shiprock=アメリカ/シップロック (America/Shiprock)
pref.timezone.America.St_Johns=アメリカ/セントジョーンズ (America/St. Johns)
pref.timezone.America.St_Kitts=アメリカ/セントキッツ (America/St. Kitts)
pref.timezone.America.St_Lucia=アメリカ/セントルシア (America/St. Lucia)
pref.timezone.America.St_Thomas=アメリカ/セントトーマス (America/St. Thomas)
pref.timezone.America.St_Vincent=アメリカ/セントビンセント (America/St. Vincent)
pref.timezone.America.Swift_Current=アメリカ/スィフトカレント (America/Swift Current)
pref.timezone.America.Tegucigalpa=アメリカ/テグシガルパ (America/Tegucigalpa)
pref.timezone.America.Thule=アメリカ/トゥーレ (America/Thule)
pref.timezone.America.Thunder_Bay=アメリカ/サンダーベイ (America/Thunder Bay)
pref.timezone.America.Tijuana=アメリカ/ティファナ (America/Tijuana)
pref.timezone.America.Toronto=アメリカ/トロント (America/Toronto)
pref.timezone.America.Tortola=アメリカ/トルトラ (America/Tortola)
pref.timezone.America.Vancouver=アメリカ/バンクーバー (America/Vancouver)
pref.timezone.America.Whitehorse=アメリカ/ホワイトホース (America/Whitehorse)
pref.timezone.America.Winnipeg=アメリカ/ウィニペグ (America/Winnipeg)
pref.timezone.America.Yakutat=アメリカ/ヤクタット (America/Yakutat)
pref.timezone.America.Yellowknife=アメリカ/イエローナイフ (America/Yellowknife)
pref.timezone.Antarctica.Casey=南極大陸/ケーシー (Antarctica/Casey)
pref.timezone.Antarctica.Davis=南極大陸/デービス (Antarctica/Davis)
pref.timezone.Antarctica.DumontDUrville=南極大陸/デュモンデュルヴィル (Antarctica/DumontDUrville)
pref.timezone.Antarctica.Mawson=南極大陸/モーソン (Antarctica/Mawson)
pref.timezone.Antarctica.McMurdo=南極大陸/マクマード (Antarctica/McMurdo)
pref.timezone.Antarctica.Palmer=南極大陸/パーマー (Antarctica/Palmer)
pref.timezone.Antarctica.Rothera=南極大陸/ロゼラ (Antarctica/Rothera)
pref.timezone.Antarctica.South_Pole=南極大陸/南極点 (Antarctica/South Pole)
pref.timezone.Antarctica.Syowa=南極大陸/昭和基地 (Antarctica/Syowa)
pref.timezone.Antarctica.Vostok=南極大陸/ヴォストク (Antarctica/Vostok)
pref.timezone.Arctic.Longyearbyen=北極/ロングイヤービーエン (Arctic/Longyearbyen)
pref.timezone.Asia.Aden=アジア/アデン (Asia/Aden)
pref.timezone.Asia.Almaty=アジア/アルマトイ (Asia/Almaty)
pref.timezone.Asia.Amman=アジア/アンマン (Asia/Amman)
pref.timezone.Asia.Anadyr=アジア/アナディリ (Asia/Anadyr)
pref.timezone.Asia.Aqtau=アジア/アクタウ (Asia/Aqtau)
pref.timezone.Asia.Aqtobe=アジア/アクトベ (Asia/Aqtobe)
pref.timezone.Asia.Ashgabat=アジア/アシハバード (Asia/Ashgabat)
pref.timezone.Asia.Baghdad=アジア/バグダッド (Asia/Baghdad)
pref.timezone.Asia.Bahrain=アジア/バーレーン (Asia/Bahrain)
pref.timezone.Asia.Baku=アジア/バクー (Asia/Baku)
pref.timezone.Asia.Bangkok=アジア/バンコク (Asia/Bangkok)
pref.timezone.Asia.Beirut=アジア/ベイルート (Asia/Beirut)
pref.timezone.Asia.Bishkek=アジア/ビシュケク (Asia/Bishkek)
pref.timezone.Asia.Brunei=アジア/ブルネイ (Asia/Brunei)
pref.timezone.Asia.Choibalsan=アジア/チョイバルサン (Asia/Choibalsan)
pref.timezone.Asia.Chongqing=アジア/重慶 (Asia/Chongqing)
pref.timezone.Asia.Colombo=アジア/コロンボ (Asia/Colombo)
pref.timezone.Asia.Damascus=アジア/ダマスカス (Asia/Damascus)
pref.timezone.Asia.Dhaka=アジア/ダッカ (Asia/Dhaka)
pref.timezone.Asia.Dili=アジア/ディリ (Asia/Dili)
pref.timezone.Asia.Dubai=アジア/ドバイ (Asia/Dubai)
pref.timezone.Asia.Dushanbe=アジア/ドゥシャンベ (Asia/Dushanbe)
pref.timezone.Asia.Gaza=アジア/ガザ (Asia/Gaza)
pref.timezone.Asia.Harbin=アジア/ハルピン (Asia/Harbin)
pref.timezone.Asia.Hong_Kong=アジア/香港 (Asia/Hong Kong)
pref.timezone.Asia.Hovd=アジア/ホフド (Asia/Hovd)
pref.timezone.Asia.Irkutsk=アジア/イルクーツク (Asia/Irkutsk)
pref.timezone.Asia.Istanbul=アジア/イスタンブール (Asia/Istanbul)
pref.timezone.Asia.Jakarta=アジア/ジャカルタ (Asia/Jakarta)
pref.timezone.Asia.Jayapura=アジア/ジャヤプラ (Asia/Jayapura)
pref.timezone.Asia.Jerusalem=アジア/エルサレム (Asia/Jerusalem)
pref.timezone.Asia.Kabul=アジア/カブール (Asia/Kabul)
pref.timezone.Asia.Kamchatka=アジア/カムチャツカ (Asia/Kamchatka)
pref.timezone.Asia.Karachi=アジア/カラチ (Asia/Karachi)
pref.timezone.Asia.Kashgar=アジア/カシュガル (Asia/Kashgar)
pref.timezone.Asia.Kathmandu=アジア/カトマンズ (Asia/Kathmandu)
pref.timezone.Asia.Krasnoyarsk=アジア/クラスノヤルスク (Asia/Krasnoyarsk)
pref.timezone.Asia.Kuala_Lumpur=アジア/クアラルンプール (Asia/Kuala Lumpur)
pref.timezone.Asia.Kuching=アジア/クチン (Asia/Kuching)
pref.timezone.Asia.Kuwait=アジア/クウェート (Asia/Kuwait)
pref.timezone.Asia.Macau=アジア/マカオ (Asia/Macau)
pref.timezone.Asia.Magadan=アジア/マガダン (Asia/Magadan)
pref.timezone.Asia.Makassar=アジア/マカッサル (Asia/Makassar)
pref.timezone.Asia.Manila=アジア/マニラ (Asia/Manila)
pref.timezone.Asia.Muscat=アジア/マスカット (Asia/Muscat)
pref.timezone.Asia.Nicosia=アジア/ニコシア (Asia/Nicosia)
pref.timezone.Asia.Novosibirsk=アジア/ノボシビルスク (Asia/Novosibirsk)
pref.timezone.Asia.Omsk=アジア/オムスク (Asia/Omsk)
pref.timezone.Asia.Oral=アジア/オラル (Asia/Oral)
pref.timezone.Asia.Phnom_Penh=アジア/プノンペン (Asia/Phnom Penh)
pref.timezone.Asia.Pontianak=アジア/ポンティアナック (Asia/Pontianak)
pref.timezone.Asia.Pyongyang=アジア/ピョンヤン (Asia/Pyongyang)
pref.timezone.Asia.Qatar=アジア/カタール (Asia/Qatar)
pref.timezone.Asia.Qyzylorda=アジア/クズロルダ (Asia/Qyzylorda)
pref.timezone.Asia.Rangoon=アジア/ラングーン (Asia/Rangoon)
pref.timezone.Asia.Riyadh=アジア/リヤド (Asia/Riyadh)
pref.timezone.Asia.Sakhalin=アジア/サハリン (Asia/Sakhalin)
pref.timezone.Asia.Samarkand=アジア/サマルカンド (Asia/Samarkand)
pref.timezone.Asia.Seoul=アジア/ソウル (Asia/Seoul)
pref.timezone.Asia.Shanghai=アジア/上海 (Asia/Shanghai)
pref.timezone.Asia.Singapore=アジア/シンガポール (Asia/Singapore)
pref.timezone.Asia.Taipei=アジア/台北 (Asia/Taipei)
pref.timezone.Asia.Tashkent=アジア/タシュケント (Asia/Tashkent)
pref.timezone.Asia.Tbilisi=アジア/トビリシ (Asia/Tbilisi)
pref.timezone.Asia.Tehran=アジア/テヘラン (Asia/Tehran)
pref.timezone.Asia.Thimphu=アジア/ティンブー (Asia/Thimphu)
pref.timezone.Asia.Tokyo=アジア/東京 (Asia/Tokyo)
pref.timezone.Asia.Ulaanbaatar=アジア/ウランバートル (Asia/Ulaanbaatar)
pref.timezone.Asia.Urumqi=アジア/ウルムチ (Asia/Urumqi)
pref.timezone.Asia.Vientiane=アジア/ビエンチャン (Asia/Vientiane)
pref.timezone.Asia.Vladivostok=アジア/ウラジオストック (Asia/Vladivostok)
pref.timezone.Asia.Yakutsk=アジア/ヤクーツク (Asia/Yakutsk)
pref.timezone.Asia.Yekaterinburg=アジア/エカテリンブルグ (Asia/Yekaterinburg)
pref.timezone.Asia.Yerevan=アジア/エレバン (Asia/Yerevan)
pref.timezone.Atlantic.Azores=大西洋/アゾレス (Atlantic/Azores)
pref.timezone.Atlantic.Bermuda=大西洋/バミューダ (Atlantic/Bermuda)
pref.timezone.Atlantic.Canary=大西洋/カナリア (Atlantic/Canary)
pref.timezone.Atlantic.Cape_Verde=大西洋/カーボベルデ (Atlantic/Cape Verde)
pref.timezone.Atlantic.Faroe=大西洋/フェロー (Atlantic/Faroe)
pref.timezone.Atlantic.Madeira=大西洋/マデイラ (Atlantic/Madeira)
pref.timezone.Atlantic.Reykjavik=大西洋/レイキャビク (Atlantic/Reykjavik)
pref.timezone.Atlantic.South_Georgia=大西洋/サウスジョージア (Atlantic/South Georgia)
pref.timezone.Atlantic.St_Helena=大西洋/セントへレナ (Atlantic/St. Helena)
pref.timezone.Atlantic.Stanley=大西洋/スタンリー (Atlantic/Stanley)
pref.timezone.Australia.Adelaide=オーストラリア/アデレイド (Australia/Adelaide)
pref.timezone.Australia.Brisbane=オーストラリア/ブリスベン (Australia/Brisbane)
pref.timezone.Australia.Broken_Hill=オーストラリア/ブロークンヒル (Australia/Broken Hill)
pref.timezone.Australia.Currie=オーストラリア/カリー (Australia/Currie)
pref.timezone.Australia.Darwin=オーストラリア/ダーウィン (Australia/Darwin)
pref.timezone.Australia.Eucla=オーストラリア/ユークラ (Australia/Eucla)
pref.timezone.Australia.Hobart=オーストラリア/ホバート (Australia/Hobart)
pref.timezone.Australia.Lindeman=オーストラリア/リンデマン (Australia/Lindeman)
pref.timezone.Australia.Lord_Howe=オーストラリア/ロードハウ (Australia/Lord Howe)
pref.timezone.Australia.Melbourne=オーストラリア/メルボルン (Australia/Melbourne)
pref.timezone.Australia.Perth=オーストラリア/パース (Australia/Perth)
pref.timezone.Australia.Sydney=オーストラリア/シドニー (Australia/Sydney)
pref.timezone.Europe.Amsterdam=ヨーロッパ/アムステルダム (Europe/Amsterdam)
pref.timezone.Europe.Andorra=ヨーロッパ/アンドラ (Europe/Andorra)
pref.timezone.Europe.Athens=ヨーロッパ/アテネ (Europe/Athens)
pref.timezone.Europe.Belgrade=ヨーロッパ/ベオグラード (Europe/Belgrade)
pref.timezone.Europe.Berlin=ヨーロッパ/ベルリン (Europe/Berlin)
pref.timezone.Europe.Bratislava=ヨーロッパ/ブラチスラバ (Europe/Bratislava)
pref.timezone.Europe.Brussels=ヨーロッパ/ブリュッセル (Europe/Brussels)
pref.timezone.Europe.Bucharest=ヨーロッパ/ブカレスト (Europe/Bucharest)
pref.timezone.Europe.Budapest=ヨーロッパ/ブダペスト (Europe/Budapest)
pref.timezone.Europe.Chisinau=ヨーロッパ/キシニョフ (Europe/Chisinau)
pref.timezone.Europe.Copenhagen=ヨーロッパ/コペンハーゲン (Europe/Copenhagen)
pref.timezone.Europe.Dublin=ヨーロッパ/ダブリン (Europe/Dublin)
pref.timezone.Europe.Gibraltar=ヨーロッパ/ジブラルタル (Europe/Gibraltar)
pref.timezone.Europe.Guernsey=ヨーロッパ/ガーンジー (Europe/Guernsey)
pref.timezone.Europe.Helsinki=ヨーロッパ/ヘルシンキ (Europe/Helsinki)
pref.timezone.Europe.Isle_of_Man=ヨーロッパ/マン島 (Europe/Isle of Man)
pref.timezone.Europe.Istanbul=ヨーロッパ/イスタンブール (Europe/Istanbul)
pref.timezone.Europe.Jersey=ヨーロッパ/ジャージー島 (Europe/Jersey)
pref.timezone.Europe.Kaliningrad=ヨーロッパ/カリーニングラード (Europe/Kaliningrad)
pref.timezone.Europe.Kiev=ヨーロッパ/キエフ (Europe/Kiev)
pref.timezone.Europe.Lisbon=ヨーロッパ/リスボン (Europe/Lisbon)
pref.timezone.Europe.Ljubljana=ヨーロッパ/リュブリャナ (Europe/Ljubljana)
pref.timezone.Europe.London=ヨーロッパ/ロンドン (Europe/London)
pref.timezone.Europe.Luxembourg=ヨーロッパ/ルクセンブルグ (Europe/Luxembourg)
pref.timezone.Europe.Madrid=ヨーロッパ/マドリッド (Europe/Madrid)
pref.timezone.Europe.Malta=ヨーロッパ/マルタ (Europe/Malta)
pref.timezone.Europe.Mariehamn=ヨーロッパ/マリーハムン (Europe/Mariehamn)
pref.timezone.Europe.Minsk=ヨーロッパ/ミンスク (Europe/Minsk)
pref.timezone.Europe.Monaco=ヨーロッパ/モナコ (Europe/Monaco)
pref.timezone.Europe.Moscow=ヨーロッパ/モスクワ (Europe/Moscow)
pref.timezone.Europe.Nicosia=ヨーロッパ/ニコシア (Europe/Nicosia)
pref.timezone.Europe.Oslo=ヨーロッパ/オスロ (Europe/Oslo)
pref.timezone.Europe.Paris=ヨーロッパ/パリ (Europe/Paris)
pref.timezone.Europe.Podgorica=ヨーロッパ/ポドゴリツァ (Europe/Podgorica)
pref.timezone.Europe.Prague=ヨーロッパ/プラハ (Europe/Prague)
pref.timezone.Europe.Riga=ヨーロッパ/リガ (Europe/Riga)
pref.timezone.Europe.Rome=ヨーロッパ/ローマ (Europe/Rome)
pref.timezone.Europe.Samara=ヨーロッパ/サマラ (Europe/Samara)
pref.timezone.Europe.San_Marino=ヨーロッパ/サンマリノ (Europe/San Marino)
pref.timezone.Europe.Sarajevo=ヨーロッパ/サラエボ (Europe/Sarajevo)
pref.timezone.Europe.Simferopol=ヨーロッパ/シンフェロポリ (Europe/Simferopol)
pref.timezone.Europe.Skopje=ヨーロッパ/スコピエ (Europe/Skopje)
pref.timezone.Europe.Sofia=ヨーロッパ/ソフィア (Europe/Sofia)
pref.timezone.Europe.Stockholm=ヨーロッパ/ストックホルム (Europe/Stockholm)
pref.timezone.Europe.Tallinn=ヨーロッパ/タリン (Europe/Tallinn)
pref.timezone.Europe.Tirane=ヨーロッパ/ティラナ (Europe/Tirane)
pref.timezone.Europe.Uzhgorod=ヨーロッパ/ウシュホロト (Europe/Uzhgorod)
pref.timezone.Europe.Vaduz=ヨーロッパ/ファドゥーツ (Europe/Vaduz)
pref.timezone.Europe.Vatican=ヨーロッパ/バチカン (Europe/Vatican)
pref.timezone.Europe.Vienna=ヨーロッパ/ウィーン (Europe/Vienna)
pref.timezone.Europe.Vilnius=ヨーロッパ/ビリニュス (Europe/Vilnius)
pref.timezone.Europe.Volgograd=ヨーロッパ/ヴォルゴグラード (Europe/Volgograd)
pref.timezone.Europe.Warsaw=ヨーロッパ/ワルシャワ (Europe/Warsaw)
pref.timezone.Europe.Zagreb=ヨーロッパ/ザグレブ (Europe/Zagreb)
pref.timezone.Europe.Zaporozhye=ヨーロッパ/ザポロージェ (Europe/Zaporozhye)
pref.timezone.Europe.Zurich=ヨーロッパ/チューリッヒ (Europe/Zurich)
pref.timezone.Indian.Antananarivo=インド/アンタナナリボ (Indian/Antananarivo)
pref.timezone.Indian.Chagos=インド/チャゴス (Indian/Chagos)
pref.timezone.Indian.Christmas=インド/クリスマス (Indian/Christmas)
pref.timezone.Indian.Cocos=インド/ココス (Indian/Cocos)
pref.timezone.Indian.Comoro=インド/コモロ (Indian/Comoro)
pref.timezone.Indian.Kerguelen=インド/ケルグラン (Indian/Kerguelen)
pref.timezone.Indian.Mahe=インド/マヘ (Indian/Mahe)
pref.timezone.Indian.Maldives=インド/モルディブ (Indian/Maldives)
pref.timezone.Indian.Mauritius=インド/モーリシャス (Indian/Mauritius)
pref.timezone.Indian.Mayotte=インド/マイヨット (Indian/Mayotte)
pref.timezone.Indian.Reunion=インド/レユニオン (Indian/Reunion)
pref.timezone.Pacific.Apia=太平洋/アピア (Pacific/Apia)
pref.timezone.Pacific.Auckland=太平洋/オークランド (Pacific/Auckland)
pref.timezone.Pacific.Chatham=太平洋/チャタム (Pacific/Chatham)
pref.timezone.Pacific.Easter=太平洋/イースター (Pacific/Easter)
pref.timezone.Pacific.Efate=太平洋/エファティ (Pacific/Efate)
pref.timezone.Pacific.Enderbury=太平洋/エンダーバリ (Pacific/Enderbury)
pref.timezone.Pacific.Fakaofo=太平洋/ファカオフォ (Pacific/Fakaofo)
pref.timezone.Pacific.Fiji=太平洋/フィジー (Pacific/Fiji)
pref.timezone.Pacific.Funafuti=太平洋/フナフティ (Pacific/Funafuti)
pref.timezone.Pacific.Galapagos=太平洋/ガラパゴス (Pacific/Galapagos)
pref.timezone.Pacific.Gambier=太平洋/ガンビア (Pacific/Gambier)
pref.timezone.Pacific.Guadalcanal=太平洋/ガダルカナル (Pacific/Guadalcanal)
pref.timezone.Pacific.Guam=太平洋/グアム (Pacific/Guam)
pref.timezone.Pacific.Honolulu=太平洋/ホノルル (Pacific/Honolulu)
pref.timezone.Pacific.Johnston=太平洋/ジョンストン (Pacific/Johnston)
pref.timezone.Pacific.Kiritimati=太平洋/キリティマティ (Pacific/Kiritimati)
pref.timezone.Pacific.Kosrae=太平洋/コスラエ (Pacific/Kosrae)
pref.timezone.Pacific.Kwajalein=太平洋/クワジェリン (Pacific/Kwajalein)
pref.timezone.Pacific.Majuro=太平洋/マジュロ (Pacific/Majuro)
pref.timezone.Pacific.Marquesas=太平洋/マルケサス (Pacific/Marquesas)
pref.timezone.Pacific.Midway=太平洋/ミッドウェー (Pacific/Midway)
pref.timezone.Pacific.Nauru=太平洋/ナウル (Pacific/Nauru)
pref.timezone.Pacific.Niue=太平洋/ニウエ (Pacific/Niue)
pref.timezone.Pacific.Norfolk=太平洋/ノーフォーク (Pacific/Norfolk)
pref.timezone.Pacific.Noumea=太平洋/ヌーメア (Pacific/Noumea)
pref.timezone.Pacific.Pago_Pago=太平洋/パゴパゴ (Pacific/Pago Pago)
pref.timezone.Pacific.Palau=太平洋/パラオ (Pacific/Palau)
pref.timezone.Pacific.Pitcairn=太平洋/ピトケアン (Pacific/Pitcairn)
pref.timezone.Pacific.Ponape=太平洋/ポナペ (Pacific/Ponape)
pref.timezone.Pacific.Port_Moresby=太平洋/ポートモレスビー (Pacific/Port Moresby)
pref.timezone.Pacific.Rarotonga=太平洋/ラロトンガ (Pacific/Rarotonga)
pref.timezone.Pacific.Saipan=太平洋/サイパン (Pacific/Saipan)
pref.timezone.Pacific.Tahiti=太平洋/タヒチ (Pacific/Tahiti)
pref.timezone.Pacific.Tarawa=太平洋/タラワ (Pacific/Tarawa)
pref.timezone.Pacific.Tongatapu=太平洋/トンガタプ (Pacific/Tongatapu)
pref.timezone.Pacific.Truk=太平洋/トラック (Pacific/Truk)
pref.timezone.Pacific.Wake=太平洋/ウェーキ (Pacific/Wake)
pref.timezone.Pacific.Wallis=太平洋/ウォリス (Pacific/Wallis)

# the following have been missing
pref.timezone.America.Indiana.Tell_City=アメリカ/インディアナ/テルシティ (America/Indiana/Tell City)
pref.timezone.America.Indiana.Winamac=アメリカ/インディアナ/ウィナマック (America/Indiana/Winamac)
pref.timezone.America.Marigot=アメリカ/マリゴ (America/Marigot)
pref.timezone.America.Resolute=アメリカ/レゾリュート (America/Resolute)
pref.timezone.America.St_Barthelemy=アメリカ/サンバルテルミー (America/St. Barthelemy)

# added with 2008d:
pref.timezone.America.Argentina.San_Luis=アメリカ/アルゼンチン/サンルイス (America/Argentina/San Luis)
pref.timezone.America.Santarem=アメリカ/サンタレン (America/Santarem)
pref.timezone.Asia.Ho_Chi_Minh=アジア/ホーチミン (Asia/Ho Chi Minh)
pref.timezone.Asia.Kolkata=アジア/コルカタ (Asia/Kolkata)

# added with 2008i:
pref.timezone.America.Argentina.Salta=アメリカ/アルゼンチン/サルタ (America/Argentina/Salta)

# added with 2010i
pref.timezone.America.Matamoros=アメリカ/マタモロス (America/Matamoros)
pref.timezone.America.Ojinaga=アメリカ/オヒナガ (America/Ojinaga)
pref.timezone.America.Santa_Isabel=アメリカ/サンタイサベル (America/Santa Isabel)
pref.timezone.Antarctica.Macquarie=南極大陸/マッコーリー島 (Antarctica/Macquarie)
pref.timezone.Asia.Novokuznetsk=アジア/ノヴォクズネツク (Asia/Novokuznetsk)

#added with 2011b
pref.timezone.America.Bahia_Banderas=アメリカ/バイーアデバンデラス (America/Bahia Banderas)
pref.timezone.America.North_Dakota.Beulah=アメリカ/ノースダコタ/ビューラー (America/North Dakota/Beulah)
pref.timezone.Pacific.Chuuk=太平洋/チューク諸島 (Pacific/Chuuk)
pref.timezone.Pacific.Pohnpei=太平洋/ポンペイ島 (Pacific/Pohnpei)

#added with 2011n
pref.timezone.Africa.Juba=アフリカ/ジュバ (Africa/Juba)
pref.timezone.America.Kralendijk=アメリカ/クラレンダイク (America/Kralendijk)
pref.timezone.America.Lower_Princes=アメリカ/ローワープリンシズ (America/Lower Princes)
pref.timezone.America.Metlakatla=アメリカ/メトラカトラ (America/Metlakatla)
pref.timezone.America.Sitka=アメリカ/シトカ (America/Sitka)
pref.timezone.Asia.Hebron=アジア/ヘブロン (Asia/Hebron)

#added with 2013a
pref.timezone.America.Creston=アメリカ/クレストン (America/Creston)
pref.timezone.Asia.Khandyga=アジア/ハンドゥイガ (Asia/Khandyga)
pref.timezone.Asia.Ust-Nera=アジア/ウスチネラ (Asia/Ust-Nera)
pref.timezone.Europe.Busingen=ヨーロッパ/ビュージンゲン (Europe/Busingen)

#added with 2014b
pref.timezone.Antarctica.Troll=南極大陸/トロール基地 (Antarctica/Troll)

#added with 2014j
pref.timezone.Asia.Chita=アジア/チタ (Asia/Chita)
pref.timezone.Asia.Srednekolymsk=アジア/スレドネコリムスク (Asia/Srednekolymsk)
pref.timezone.Pacific.Bougainville=太平洋/ブーゲンビル島 (Pacific/Bougainville)

#added with 2.2015g
pref.timezone.America.Fort_Nelson=アメリカ/フォートネルソン (America/Fort Nelson)
